aamytuss,29edf730-091a-3d54-bcbb-3e00004f0d95
godchanel,e1ab82f7-9273-331c-b2f8-5504759c9c76
queennici,817ff69f-aa61-3072-8e11-8f7dcf28c9de
nocare_007,64a08723-26d6-37ac-b356-245fc0adc37f
fewfond_,1307231e-b481-3f94-86fd-8a50c1bc9f5f
idiebiib_qrc,4c22de75-cb40-3e29-844b-134daa3daa5e
silvester,9c832ada-f10e-3466-96d3-ea1ea9601b50
lp002,43056924-58de-3cbc-9c80-31bb5ae0155a
ohmrubyjane,e7c9e921-8a2a-311f-a40e-98bc175ccb12
lowgame,43d5780c-47b1-3c0b-9307-4054728da1a5
nwe_,cf5ebe43-2767-3451-98ca-15d2b95ea14d
how2beurgirl_,0a0c15c0-fa75-3767-8e27-82557b6e3fe2
music,8819259d-80ca-30a2-9b5f-f221344c81da
saves,31d1c320-1c86-36e4-8e61-1a12c81e69e3
basilzero,38eae6ad-ba3e-3959-b781-a47b014d2bbe
nazzzzzzzz,b2d6fdbe-b382-3dfd-93a6-aeee506ecad9
pota515loveza,28a1249e-c48b-3b2f-ac49-ec89be56ec28
ao_sofia,737a0268-aeda-393b-aff8-42198fb83479
y0t4_5412,0cdb435a-509e-3108-b7af-bb9e83af3161
poret,3b1ab8f9-8a47-3f6c-84d5-1ebcd11d30ac
lebronmen,ead50ccf-d926-38ee-a5ad-32b5fbc3227d
t2ncp,99570ec6-2236-3deb-a170-0f73133fd7e4
mrphetmeexai,2a8a4891-18e9-331e-a375-06a684d4c387
natsumikyouno,abf06f2b-19d3-31b5-9c18-7db969b7e9df
zvndree,58a479ad-edaa-3d24-9f65-8e589290cb2b
femaleaceventura,349f0595-4a69-3dd4-be78-0abc4de0c2ee
soloonetag,cd553885-9d45-36bb-8fd4-61fd96928796
progamingpoth,abd39393-cc50-3337-a3fa-ae66a0b76a5c
k4k1,249d4a01-8e3d-3e89-932f-eaf6b5564a7d
_thebestx,6aa77f66-4ca5-3136-8434-13159dfb9329
dimond,ff58f079-c2c7-376a-b52b-56c838d453ea
jirawat300950,772a4e85-5730-3170-a816-a4be79521d6b
xxxbiphoxxx,7cb80621-f727-3846-b965-5d4bc619c273
nik_ki,6cfd966f-7c65-3c5d-b345-0c013fc9d815
opgameming,fd718ca6-9bda-3717-a42e-3e840f6239d3
riimz,9ef34bb4-eb47-381a-99d3-e88ecb5c06a8
znaratip,80c4ff23-041b-3409-90d1-043d4cf0ebde
isabellc,1fb26a52-b4b2-30bc-bf8a-6a6d8d377735
redawesomebunny,13a31233-2295-330e-82bf-7313953b04e2
lolkk,7ab75e8a-d894-3030-b141-dfc86b19c34f
peakkungz_,be4c214d-89d0-33a1-9385-e9ae12544865
masonrapa,4fcbc308-9d37-3984-8db2-1fa3860ac788
asd147az99,94df0383-1e7a-385b-8162-98052615b052
among153,8a1abfc2-3fc3-3908-b586-4e21316ab324
amus_yt,eca5d0d5-40dc-31f3-b90e-f5bddbfe2f67
ghenzo,9038899c-46c6-3400-85c8-9fd6245144ac
gus555,0160ef1f-ebca-3caf-aa5a-cc07cef7cc53
x_x_go_god_x_x,c2edaab8-795f-3fd4-86ed-6937dffe386b
reyollc2,edccab5b-bcd8-30a1-af2c-16cd56fe9999
_xomskarin_,604288a3-9c77-3f3b-abb4-c9c134c435f5
0620549277,82622d47-a156-3261-8e10-e091a34136c4
vlcteam,6a0b20f3-d125-32c8-b080-ef4448cb3c2a
gamelessnoob,63770409-5bdb-3050-a277-7e245516429c
masterbird,0a208bd5-a897-30bc-bf24-1bed4b449d26
_flimm3ngamerz_,96aed420-a8a8-3d7e-b39f-a82cc93164ea
venomgamer,0a8f714a-7411-3ad8-b566-5eb30b53e89c
banger_disbo,7e764e5f-179a-3cac-8b3c-f958c8bfc788
peak_stupid,33dbd7bc-b9ba-3b72-85a3-3e29770111b4
djfin_tv,3c5c7daa-d996-3177-baf2-91b0bf3c911a
shlitze7452,8f617649-e52e-3ce7-af17-ae1cc69d74a5
colorodo,7281e646-a6ac-3182-8098-cc6b239f3f72
k9tactics,60bd788d-eba9-366f-a0ef-8665dee38a56
masterjoshplayz,c1f850ed-2b9e-3ff0-800e-a8fe612de8c5
rainxao9438,f3c1424e-7a30-3366-975c-15fbdaab3926
xxgodithackerxx,1d768c34-d605-3512-81bf-df09ecc0b02a
inaatud,37a129c9-c3fb-37c6-90ae-737dba28ef59
mgis,d8d5a923-7b20-43d8-883b-1150148d6955
hamooo,1fabcaeb-5d96-3576-970d-3ea29615679a
yuri_faceth,90eb072e-1a3e-3d88-93ac-138c2b58e428
zackza,ad91799d-910b-3590-97be-b11daa50f918
firethkung,4e71dd58-e1fa-365d-bfe1-2c4d0b7b4b68
morphowolf,f4979dcf-dc96-3486-abbf-a372d301bc9b
jkboy123456789,58d42844-ed5d-3c8d-af1b-4d100199f7ed
112244,fd5d2ef5-282e-3a65-8800-bb6ecb125c15
zwitnyvilla_,d0745091-4e2f-3b7d-a3b8-ed0179c50b2c
garazzz,f364eecc-43e8-3e54-9879-17a9d6c87048
scouzer_,bceedb43-269e-3a62-a101-c4c6addf020d
brengod,24c255af-f660-375d-b013-ff726875ab6a
pongpang,00b3e71a-310f-3161-a57a-f4b5282ee65b
tua12301230,7519d4f5-aeab-364b-9032-56008d8add26
huahwifc_,50574eeb-7453-3ed9-9735-d01a2d910448
amrphetmeexai,c0727cc7-e006-37d6-a187-cea3cee1fd1e
notfunstuf,fd9081e4-88bc-30f4-8bda-63d32d6c858a
boom131025,4ac1db1e-384a-3094-b697-0379f86e4c86
wissarut,def412d9-4c34-3a2e-a9be-b6fcdb367abd
poom_p5channel3,e98ebc4e-2654-3b4c-a9f2-27de5a445126
poom_p5channel1,81b6d631-86b6-3a60-9979-75c5cdfe8de3
natthawudanauto,cbb20efd-7d97-36b7-925b-40d77e0b3424
test,444cf323-978c-3e83-9288-612345bfec67
niknam,c7050d88-f367-3b5f-af02-d17773c27e7d
nixkung,36b796ac-d103-3938-9959-c61783bc47b7
teppratan,01f53120-5e55-3629-8ff1-ce094dbedb61
brown,128b9a6a-6514-3776-8550-9b375cdc1137
naknotfound,1e84dfd0-b315-33f7-8da7-f4177349365c
nood2018,e9b6dfe6-4562-3f7a-8802-875cda3a81b5
qtqtqttqtqtq,aace5837-9d78-360b-9678-027a7776c69f
god_garbage,9e70a6d5-3997-3cf8-b12b-07e5be7a0f0d
citycatza,3ea71da2-d289-30fb-b37c-785afbb81cf7
wolf444,319b6ad8-538a-3046-8c66-9588bedcf43d
_babykwangodz_,90bc21a7-7b64-3956-b28d-1bb9c508986b
demon0777,5d20c958-83b2-3e4b-a41e-45ffca08e1d3
nampanlit_,f0b7bea1-f57e-3979-ad8e-b704eccfe086
rovfreefire8,71b8f355-b4ac-345b-bf0f-a447929517c5
sangamerchannel,f4bcb53c-0f02-31bd-93be-892336005ace
nemo100,6b865f6b-8dc1-3f94-8d6e-367a40ea624e
stamp365412,f61a2aab-eada-316b-a853-b5e38e2e7202
fuckyou12,adc546e5-a4f6-3c68-99b4-3f46bd8055ae
black999,9b6c3e5d-e3a8-382a-a556-1bb8306b3a58
tacklezaza,8a54efc0-664c-3d4a-b3d2-e52912c60177
ominachan01,73afd669-2f5b-3ceb-8e42-09b4cd8f0328
aomut1,0bbcd7ee-4c13-3947-937a-3c6b0fd82db1
steqtapz,69191a3b-61db-3794-a0da-4df0afa281ef
skydarkzng,7c0700ef-4fca-3e0e-b7e0-a3c7c6840dd7
xx_mafia15_xx,6b7f49a5-b803-3492-89e2-edc8db6a3627
darkrockker,0882b104-b4e9-356e-9731-bbe09dd41621
geniuszl,f4dafc8f-3ed8-3455-a554-f721176b0d79
_vep_,e47a8c3c-49ef-3837-aa44-992b2093b4a5
xzerostargods,389ec35a-fb70-3b71-943a-fbd79e39db79
rga,316658ea-5bce-3e5c-8408-c074d6b69e57
amus_us,b33b4fda-25c8-3250-9463-397fb8008efe
blackgodji,1415adad-dd84-3ed9-98f3-40f02ba44177
mafia15,e8e1d392-e8ce-3113-9dfc-c5a5cdb911eb
cactusfarmzz,9b8aa0fb-976f-3435-aca9-b29e4911b7fb
pt_122,e02617f0-c653-313f-b718-af250d35a7c8
xx_regonz,4a834afb-a747-3f2c-b99d-e532dea10e6f
bank_mader123,2a6dc60e-8268-3d56-a191-42a31e515d47
commandblock,6ac24fe1-dd85-3212-99a1-bd38d2104722
z_itsdackbith_yt,a40b0f3a-ed95-37ca-8620-8383112e78c9
yoda4211,f7046111-7459-3fd6-b408-e9f95a0301d6
mr_daling_01,4d3c014f-0ef9-34c0-8968-c4c98cce187a
satruday_,e6c387c9-c77e-342a-8282-bf6f7b16cda1
nanadenwerav,af78dc59-54eb-3724-adc7-90cb93e5fc4e
svever,f91ca7bb-f16d-3270-b49a-eb5e8fa2dce4
kewwin3,dbb918e3-bd1c-377c-948e-0e87552207ad
testoooz,5444d268-84fc-3113-8d41-66f0660b20a0
woraphon12_th,ace066d7-f5f7-3af5-a8b7-97b9aedd9a11
fatninjaturtle,80487df1-780e-38e2-8cb9-f64f32c763c3
best_357,5d746eb4-68dc-3b94-9757-01bb59cb4d63
judi_mini,759b7925-23bc-32a8-ab2a-f4ed0120b6b5
liebevxlle,682b5012-7cbf-3245-af48-ef59f2965885
miroz,ae5aa3c2-462c-3881-a6dd-d5819bdd2036
ominaamus_yt11,3d3e542e-8bbb-3aa4-8fad-02c9024628be
_12timeweccg_,8e626072-4487-3ce7-b7dc-69f7fefc2348
th_n42,2fb1ecde-9883-3d35-a75b-8c2157e41dd8
tullthenoob,c82217f4-857a-3c08-8bd4-206bb87957d1
nontfc_th,dc14aa53-6f0c-3ba4-a2c1-71922145b15d
profectkillth,b1eec67b-1266-33cc-9058-2eda865e3733
hackerominachan,dbb29299-6825-3534-8433-bbb2d45dd556
krk1,d8ec4cc2-cb97-3630-bf62-9bd43c899eed
paikung,b4426af2-c9eb-3b99-ad4d-9a859c8f4c65
rp_mslodtv,82482237-d68a-3954-a7c6-76ce28343bb0
footballclub,f1582e5c-f0a4-32cd-8a63-158affd610be
_xxchinxx_,cfa97680-2f33-37df-b389-9a9062fdd07c
non_zagammer,90c3c20b-83d3-36b9-a75b-7aa8d2753ddf
siridechx2,feee8e29-b440-3bc5-affc-3a19808766c5
poohpixlechthv2,e90cde9d-b561-31a7-98d1-1d5ad6aa188b
sic_lil_r3aper,51d142fd-99eb-3886-a21d-5e7519fd7b6e
kritsada_dunk,3a3b297b-0be7-39bd-a7a6-12affc4ebfb1
_naiking_,388800d9-6039-3a69-a11e-f4e6ab6012dc
paikunch,379108b3-3e45-385b-97da-63d9c2a64540
mnjtv,bb610464-8ec4-3b9d-b462-a527fb976950
ttaegamertv,5152f1d4-458c-3c40-9717-7380af3f6622
dxvvy,e903b37c-d768-3c4b-95ae-fa10b8bdec32
ironmancom,3ebf0855-491e-3a34-8f54-d4e0a1370f0c
nuip,f4e69b46-2972-3516-aab1-60f696880d75
heyguys,9d8624d2-0ad0-343c-9304-08a5257c3e26
takeshi,785dd5b2-a16d-325a-bb15-f4ec0ace14ed
tna,708a0cdd-3a0f-36d6-8599-878a0632978b
ldlpws,1734ceb7-7d03-3875-8cd7-ae4a70069ef5
xzocutzx,d9570a25-405e-3be4-8180-ac08a2ed404b
fgdg,d4c421fe-3b3a-3ce4-9eec-aae343e4673a
nbnine,047bcae7-6a35-3964-a8e7-ce00d62b327e
knightxd,286b096d-ea95-3cf1-82be-89a88be71d97
krk_cannter,69c9b61a-4248-3943-9099-64729467e26a
seksinxddd,2dcc239a-8ac3-324d-aa77-702282d894db
_mytoon_,ae40881f-6321-312b-9833-8edd1d090c6a
augustgod,ea480b6a-7770-32ea-a9d9-978e4bd3ebe3
carter_tv,aa32b2d8-c900-396a-a67a-9c98a6aa4429
forgotth4ke,ab37171b-3839-3980-a857-dc7fed019ddb
nawyop,129207fd-66c6-3c38-9a5c-92dc25a96f2a
omggoow,f668127d-7660-3088-a3e8-eb540af916b0
hacker_alex,5b0d9e07-c3f2-3a51-9cc0-87de0af8a5f1
fortnight_ch,c1964493-750d-3571-915a-1032bccd210d
ms_deathbat,aa1285f1-5458-31e5-8d2d-153dfca30f9a
kailenak47,20d064a6-cfa4-318b-a6d6-4afb6f7cea45
killskin123za,f2fce7e3-a02f-358e-b01d-fff593621110
gun,048b30c1-bd92-39f5-849a-50402c224860
yuki,eb2c5b56-d905-3a60-995f-b740bd53c675
derp_steve,0b158a75-4e62-3f1f-b1af-c273a3763e4c
siwaritxgod,11ea71a2-73a7-39d3-8b4c-d9445e93dcf0
vvvfwaverkung,29a1304f-8a3a-353f-ba37-efbc13f03ce2
dorky_mc,359e5485-324a-36cf-9357-0cb179be434e
shibaexe,75303b02-a0c2-302e-9787-3aaf2cf73a55
knife2546,50e30304-200e-3773-8517-c6f2338e3249
not_changaz,f555065b-3d86-35a4-9b04-e9f0222c4ef4
aopip_1325,17cae5cd-8e98-3cc4-8565-6d967c0a53bc
nicasiq,7375fb8f-55d9-35df-8297-39e63dcd60e5
xharryz_,0037768f-f132-3b2a-9840-df4e453793da
mr_bossbaby,11387ad3-9965-3825-8dd2-2fab2c1ae6a0
moshi_mokuri,607f6cb3-7419-3e48-b608-af1c6086cdde
non_member,7f807cd3-0041-3904-86d0-311d3f90df02
peaktpn__,14b16203-1fec-3ecd-b823-c20e0754247e
papitchaya_14,12f88203-3bdc-38f2-91d8-b9d13f39c59f
_dan_iel_,1441afe9-d995-3c2d-9c3c-aec14bf87715
xdarkboltz,6ebbe3bb-92f5-3227-84f5-8ffbeca126f3
home02577rr,00ef59b7-6cf2-3a02-bdbc-8a6eed6bdde1
uwuthhhh,077f241e-6dca-3c46-bd24-9026869bb0e3
paramat3661,03857a27-a09f-3750-8953-f847ca8daf08
aungpaogod,1ae3bcc4-7b30-3bba-a8f8-d0f92687352d
daneric_,f7e9be0c-7daf-3f2d-8de5-40ea7a6a2038
gfsgfuhf,1eb46842-cae0-3156-ba29-9f3d7f90646e
nanasangj,8c0b9e99-4c86-36cb-81be-9512a81619e5
clemmms,aadf97cf-963a-39b9-afc5-7e667c2af05b
uuuu,75fc6827-8c2a-37a6-95ef-4ccfcb8d5f40
lenid102,41271624-df5a-322c-8c99-67473cc321ec
aomsinkid,adf0de52-45ef-321b-94cc-fe770e5cecf5
com,dffe9dc6-10ec-3db8-8ebb-fadd31649984
modiz,10237a26-6fcd-3edb-9ae0-19f026a0e76f
sheg,42aa5409-89e9-32f4-84ec-718cd5623570
h7t,9b274948-9f9f-39d4-a6b0-2444d42dbf24
soa,278b2a88-ea7a-3ab8-8c3c-882302f68798
ryanhayes08,290600f7-2288-3c6b-b831-d23e4fcb0a02
xzippysx,ed6035b6-521c-34bb-8255-76aa808388ae
asami88,78db1397-f8c0-3bdd-aaf1-e1f3f34d2d05
shibathailand,281ce227-5f34-364a-bf93-d278f8495107
porro,eeddd3c0-a130-35e4-8d8e-b4f77ca1eef6
namewin17,24d112fb-4056-3021-9cab-1322ae332aaf
newarmstrong,bc2b62a8-c128-39c1-a720-7d8693bf9be8
yo_lo,c5ea8d68-cd24-35d6-a80e-deb819c2c4a7
christmas_girl,b3b6d661-d24b-3d04-a597-00936a22aed8
somuch123,f4647096-4cee-3c50-a5fc-b874a4e819a0
kpeeranut33,5dc36133-3181-3244-b184-018873dbd917
nongnamonaja,3c454f13-dccc-3344-b51a-80f89bbd7a11
imusingreach,58e2b415-7d1d-3598-a658-16ec2c15e464
junghhh,817bc0e8-cada-37f0-9bfd-f8902ea92cbd
spiderman_,76eff99a-59f7-30d4-b49e-3f67219c850f
mr_4k,77da7b6d-52ed-32c0-97b7-ad9d91edb7e4
frog_0010,10fb2a0e-7dda-3c71-9f70-71079272a3fb
bpt_min,37188f65-6594-35f1-9719-45bf66903b99
thai,d3206a7a-b27b-31ca-bae5-b5b2fe18a541
zepensivel,3ce89319-9463-35ad-8dd5-309e3a2eae4f
copygammeryt,ad2d0a8c-aaaf-34f4-bb9a-39c3226c6940
yurilkioo,637c9248-b4ab-307e-8cc9-400f3d0f7880
_boat__kung,33b8d8d8-be99-3370-abef-0ee4e93d6d88
_loqz_,3143041a-5df8-3386-9be1-fc06a4f0b07e
gkzgamer,6ee24ab4-26e3-3650-9235-c36b460ac3ad
phiphet,0dd89e86-8ff1-3829-aa31-bdd6b9219514
dyt_boili0n_,e3360fa5-2587-3389-98ef-aaf39606003b
zzeetrixx,f8b36d0a-6753-3d2c-9e27-a04d40826730
_itzlopez,9b53c925-9001-384e-97db-6e5b2eb58b62
pig_003,d1c3678f-c578-3a4e-8843-18a8c9bf77de
amm,d642fe15-fad9-324e-bdab-d1a66fd03e55
mr_taeexzenfire,a537582c-a990-3c75-b1e1-500c1d20d62e
howtoplay,92fcd220-0155-3ae4-a204-5a299540aa3b
bossthegamerxd,852cebe1-7b5c-3139-8170-d9f5c5ea6b16
ovzad253,a758c82d-f798-33cb-bfbe-567a351094d6
kito4201zlx2,efd47083-4fec-3426-a605-ec6740a6adf5
mattman__,d3d95457-62c2-39fa-80f9-7e01aa4ad1d2
jonkomeneer,dbe35d29-2def-3e03-a35b-77454326468e
_sep_,0aee7f94-3197-3abc-bc57-28ba2f802fac
nonlife,6175787c-1efd-3f43-87ac-72ae1a5d6c74
gundam2911,7e92302b-87a7-3b7c-83fb-80ec148e091a
valentz_,7d94a796-ed65-3fe4-9ede-ffe9ee257cc4
afkman,a3f8d8f0-3164-34dd-a6f2-e1eb8d026380
no1eiei,6d3b6821-00a8-320b-b826-1f0202f420d6
xsbanksx,02b1c4c4-4612-36dc-9dba-d3386a160b41
smais55,d9aab9d6-df48-3832-93b3-d0927f5b6ca7
frozencozzen,a18bef20-f039-32a4-98d1-eec064b2492d
home7777,cbdc0342-92fc-3300-a088-d975ac091213
valiantwafer,76edc283-005e-371e-837c-0b5754a521cb
xxstupidxx,698cbe25-27e3-3dfb-ac7a-4939339e8b0a
master,a6851a1a-4c3f-3cc4-bc99-a5d40a4f9157
gggg,1effc4b6-08c2-3841-9066-706b42df5be2
k0ok,297e761b-1ef5-3254-b8d3-5957ec9e8c87
orange,f114cdef-8a14-382f-b483-4a09ebaddf25
loveaddpls12,0a33e71c-b695-3f45-a7cc-48aafb987a38
sky_be4687,7fd92171-dfc5-3097-b8aa-da2403e041b1
1nanaosangq,a04c5321-e282-3086-9433-647442df3952
narukawa,2a707941-3756-3d4e-846b-83798e9360af
matupvpyt,0c9f5093-4350-3dd3-974f-4e2ed4f2f454
shisutasari_,550b72f4-b1e9-3395-bea2-6ab2d8cef41f
n_nut,b42e0603-cf60-3545-9582-7452e5f36462
amlfogekog,0f37ae9d-c7f5-3ce6-80d1-f933e481e145
itstengz_,89743baf-c311-3cd4-b883-07fa1089097e
mikxao,474d4fa6-a53c-3f3c-8acb-477590ae7e1b
_znungchristz_,661676f1-e736-3446-89ab-204dde767b0f
exzernexyt,3340d215-e49f-3b61-ad86-7ce94af297a1
fullyfin1987u,39a5cd8e-4ec7-34d5-ada0-9f48b6a48298
xtra,9cfb2b0a-0454-30ce-b762-d77907f89c1b
vrhth,48d00df5-dac2-3b91-908e-422d4cd49b41
bluetigersrb,f8703ee5-602a-3991-ba57-97c5adbc014d
matflaga2001,18a20a66-ce16-3cb4-ba4e-91ed79350117
fmyz,2c95cfe4-bd23-357e-8334-8a7b6ac56437
fullyfin1987o,104755e8-22e0-358f-8a50-77605fd46b1b
enjoy255,9c3872df-54b8-3fe1-934e-08c66ead397a
frozencode,82c21c4f-d607-3aed-b1c7-e38ff8b8912d
goracymichas,91e93f4f-70ba-3c71-8d6f-898e85ee9459
blocklessnoob,67d2ad8e-b3d2-3581-9ec6-52504c77ecf2
lolipapershi,3337b78a-d8bd-3054-93e7-6c32014ce3e7
get_17,a786010a-ffb3-3957-b1c6-40e8cd5b1ecb
_n1ce1nter,7c80f4ae-35dd-347d-8db4-e9f60837f8c6
owwwwone,11b63d53-97bb-35ee-9c37-3774266d00a0
xaregalaxy,fd35690c-d14a-3d0f-9c5e-2191a92d862b
zdazed_,8cd3e98b-74ba-3771-9154-016aefe0646f
cheabcd123,44672719-4c4d-3863-b629-3c4192f06500
jupitercraftth,3bd903db-46c5-31cc-8aef-05022dc3f4d7
kitomma,0c31bea3-bd06-3ebc-a81a-1bd4ea39eefc
marcelo59189,a5b0be25-6e46-3345-992c-a7d933e1ef4a
fusenaja123zaz,a11666ff-2146-3b39-b27c-afb25be85d78
konthai241,8f708991-89c3-3699-a308-13d1eeab8c73
kiritozazaha,7743d2cf-8850-3b70-bafa-ce294fb3f312
mikle,34ebbf68-aa1d-3cca-8ef6-a9bd86b955ae
luiss53,98f3b7cc-b8bd-3439-9a11-4473c0b6dce0
078adventure,b2390095-8adc-3bf3-9e9c-9837b84503c7
superblocker1234,9e1d98cf-08e0-3795-a886-e8b41d056165
tanthep748,888084a5-19d8-39b4-8f4e-c6aa663e05e0
zstoredil_,0716ca58-2a87-3114-850b-a1502f63c2b5
mikop,d0f891bb-db9e-3e0d-900d-17930707e8f0
azz22aaq,2a0c8117-316f-3ead-9399-47cf05db3567
game_match,b814dd4b-5e62-3570-9ee6-523b7112f510
_zprinterakez_,a2cefa76-0f54-393d-923c-893d5ee1a137
sonic_boom370,3802b270-752c-39ea-91f8-a24437870480
minecarff,e393b62a-2f78-3fd9-af39-b134a2b97090
dewarzaza,b3469a5f-9b86-3f3b-a4b8-907a5ebcb3d3
mrdaling,4f6f9f64-699d-3799-94e4-7bdd2fb883f4
petehk,8d39879f-aaf2-3e44-8d5d-983ef66661aa
ezhackxd,7871aeeb-3fe9-34f3-bf30-8885362ccf9a
fgddd,6a49c75a-7963-3fd9-9aef-0751fc073c48
oblueneko,dfb36e6f-4041-377b-a4a2-a5ac75cd5adf
bar1,cac8aec2-1806-3ee4-9fca-a32af2af7f5b
hemen,e61debac-e69f-365b-8a09-5f3bf5ebbec3
kopvpthai,00d21d1d-45db-3205-b73c-8deeefc0b8d9
daimond855,236e77ed-4243-3d20-a6f7-f1f288863618
manz,355017ec-7a5c-3673-bcd2-fa570c458cbc
gamerkingfaction,ed538c93-defb-3e72-a574-f65b08a33c5f
xxkakxx,b2d4a44a-b57d-3722-a930-cd30da2c7178
piazach_th,4c6a48ff-a492-3daf-ac87-5c611ea07b5e
susurun,b2891980-eda8-3f11-a9ee-2aba8eac1dc9
inwest_yt,b6d9b6b1-87a4-3480-99ba-fa0e18ab38c1
drk_kwanthailand,cb388ab9-9ab9-3293-a244-90aab53934e4
kitkatkung_tv,dfa18fc0-65a1-3014-b28c-6dfba0286d81
iove,125be39a-b729-34d0-803c-e3ce5268011c
freezalight,37189f79-42ba-3d2a-9e77-2aeeab6a7349
dragonslayer_th,51e3facf-1b92-3954-ae84-8a2ed39d2855
iz_suebin399,111d56ad-0ca3-3538-9b5c-76c04be67602
monanisa,056829a4-4268-3f30-be22-933a0838444f
herobrinescj,27927666-3874-376d-ab61-c7d956644e17
masterx12,42f6b370-ca49-35c0-a73b-d6e45e10d5fd
winner11330,07c7919c-8f54-3b19-9b7d-bea2a23ae233
qkungchannel,f97eacb0-9986-3e70-a6c7-2c228f2d4708
_daykung_,b4878dea-946b-33bb-9649-2074491cc7fb
opalp,70eaa945-401e-30ba-9356-a38729707693
xxremovexx,b3e5371c-0604-398f-b469-114c8ab48e46
yooo123,d698ed00-9eda-305e-9b60-b1c8412db52a
00x,044a5c95-bcb3-3991-b3fc-e6e49a51f97e
kunnomvbli,3e6a8517-e406-37b0-91b9-058c146dccce
mgsmakalop,0445964d-ec39-3475-a993-7cd5c3ea4b08
custompayload,d2cbeafb-c9c1-399e-81b6-ff8a0561f736
goodxd,bfb3aeeb-7586-3858-a72b-e6bdd2f138f1
xdoublehee,dbd246e2-1503-35b7-891b-dfce4089db33
tyloriouz,711ff466-b719-32d1-af07-88d41aa6f5c2
yuui,592a3989-d2a4-3c20-b580-162114fc0175
iwontdd,b74e15f8-df6b-34b9-bba1-51965069a819
premmc_sg,fb511f12-fed4-3e5e-a182-9f089415d7a2
pooty,c0872610-ff6a-3747-85d1-a8d73e04d2ec
exzernexth_yt,f6831fb1-9b64-36ce-bbfc-fc959b44348a
mumusic,61f16a1f-6434-3982-8373-6e106c4c9ed1
xpro_zgame,75c4baf8-d9db-37c1-93ac-9a6e41e6035e
_xpoohpixelx_,6953d8bd-bb5c-3b64-b431-916df8c1a48a
cmc_twob,b3b48977-21e3-3417-a95a-b9e8b1046ef5
ponpong,c77a8936-b8a0-382b-8dc7-ec76df619ac1
_xjekkikungyt_,b70a7808-97d9-3a72-89fc-8e4ab9b5e29b
jumung,8e556fc9-1a81-3274-b34f-e7fa4135a01d
menotinwtru,a17e8709-8071-3431-b311-9749f30639a3
beta_mau5,4da68320-3c72-3472-9778-63bb2c8abc97
_xxpronoobzxx_,1a947a03-68e3-39e2-af4b-b41576ac8959
b_divider,be2352bc-f36c-380f-961a-9b4300bff7fb
moko,85cb5721-a53c-386b-b8c3-b66b8a24b252
midnightz_,e04bb06f-5ec9-3fb0-bbd3-cebad96e5dcc
kradrupz,b0bc0c57-edd3-3bfc-bc1b-3e32a2842f7f
sazori,3a244091-20b2-344f-bf8b-75c675b4b203
bigdip,19e07f0c-e04e-37d6-99ee-a08c830145ff
exzernexth,9ef204ce-2828-3bb6-88d3-8c0054baeb41
udiex1,b2bc0389-badf-333c-99eb-53f15a1ac3a2
meest,72912012-61a8-3fcb-b377-4c5c0d4fbc51
nakop,c18ccfb3-ac65-3879-896f-26b751920be3
konthai2411,46ee6eb4-dee8-38c9-89fb-025479d20802
dice_abc,37573929-db4c-3f02-b5aa-63a518175fae
konthai2412,9bd93011-a25e-3a5d-8b58-53b0ac8ea1e5
nongfha12344,24fe3e01-83eb-3828-bd84-9ce6d1147600
nightdayz_,be0b4cce-2a48-38bd-b174-c625f2ff3e5a
eznoob,84e05db3-1fe6-394b-926e-113096776f4a
hack_dh,fe62f698-a90b-3852-822c-0e4ee74581e5
needsomebody,0eb39a99-6da2-3546-8b1c-76ad7a859a09
wdoyle_,58454b7e-9752-35d1-a5a5-48459f30a48e
mikasalou157,3210ceb8-91e9-367d-a500-9ad90325a02f
kit,e7817371-3b42-3188-a6f9-2b9bd00c357c
mrhankey94,1f176282-7c30-316f-ae53-190d730545d2
akpwolfza,ead79d96-88b0-3cf2-8b4a-12fa30c4cdd9
testersinxaoxd,2324cbda-c4fd-3bc5-b207-0c4dd98d193a
khomchaitat,5bfd018e-46f0-3994-b33d-c69b64666492
overdoes,00297095-fe0d-34e7-8b0a-eae9a84f9967
antitaplz_,b4247785-b6db-36dc-ac8d-3f593e4f8985
dwoal,f52984d3-cbe7-39d7-b095-b7d1714451b8
staticx3at,463ceced-9c4f-33d1-83d4-81a78862b197
mnj,0308fc80-1d0b-3cac-ab19-5fd87e31cd73
iam_stone,e7fa2e41-769f-3d27-974d-ece319ab3468
godgamer1234,092aa0d5-8843-36b9-bf62-fdd907535980
sowassovavcick,a0343cef-2bd4-355b-ba6b-70d980bbc52d
xxantgamerxx,92b173cc-8770-3a33-8293-5d04f99d5c48
maltn09,c9afcd2a-f036-36ee-b3ec-bbca733cf5e6
hypernoobzz,f1f18041-b4d4-3a53-bd7a-6bb9f2f38eb5
kargamer1,95aa8b63-b84e-33a1-ba1a-9874a2481dbd
kkkk,2df0f295-0338-39ee-8373-0a2d262a0d93
cggg1za,35aa2a47-c10f-3571-99bb-ee448a20d3cc
numnumnum,8b55efff-2ab2-3d01-8f88-d51a04bf3eac
nezuko_z,e0dea671-d057-32b7-aa56-b2d7f852a232
kwanthailand,4ceeacc5-6e16-36bf-9879-a4c40be729f4
phanthmitr,8162d399-b3e5-337a-84ba-3662ebb8315e
peak_minecraft,959ec971-4f2d-34cb-8125-d7d2c35df685
electrictypex,5f9eb47c-d098-36e9-b4b0-e864a2752bbf
hopper30plus,0439861e-a7f7-3afd-82e1-48212ae41ea4
king_dark,4b5402c3-3542-3739-bf0e-a294c988173a
pic0z,24d04424-d199-372c-9b6f-3e792ea6beb0
guygamerth,dc7d419b-51fb-3617-b99f-f25a2ee5ed1c
jukec,a7838edf-a055-3072-8b14-7121ea0fa18a
epicvillager,868eee3f-88d6-3491-ba87-2c410d7179af
daiki312,21aef3eb-7d15-36dd-913e-f356b8dcf186
kikuru,5ed898bd-a49d-338d-808e-7b95d50aaeb6
akrin13041,36e024ac-49e0-3e34-827f-32add263b9ae
kihgfdudctyu,d4df038a-ecaa-3b32-a5b6-5336650328ca
yepyep_yt,0cbda6ae-c8c4-3e8c-8444-85a663bc7e65
_12tiemgcc_,c46e1a90-aee2-3bba-bc36-741c6beefe30
hbd_poom,0f984806-232e-3472-b29d-9de59547835c
bastimannheim,8f1626fb-54e5-379e-be24-e6ea943a4c5c
mid_z23,6170f0bc-783a-3aca-8953-9ce14026a32d
pocky007,b7c70426-f528-3f28-a1b2-536aa61867a2
philaphat_first,397fa979-0a52-376a-beea-cb0b49853c76
notecraft,0318a286-2c62-313f-a117-64c48ee5f0d6
ohm_ohm1,991237ba-509b-3c4a-aa70-362d399d33c9
ko55,4481d121-b94c-35bc-874c-06b69fbc5776
ideakung,501822ff-b077-3a76-8d2f-a0802e1a2372
xjdx,db3154fe-232b-37db-a283-cdfed8430e94
doikille,9cee4f67-915c-32b3-8ca1-d75754c82a83
hydrae_,7bfa7964-fa4c-31a3-b39f-16a4784f6f6a
hoap,e1312f27-5c54-3ed9-aac4-f8cff2e71b4c
enzoheroi7,50b28cf4-7a41-3c7d-90ae-527b706ef141
i_need_y0u,e6d48c45-c8fe-37f3-9878-12ba723617c9
saltypyrate,1e583d74-1886-3969-9900-55fab9aae769
yone_love0123,fe793600-147e-3c18-b15d-f769d305c968
gunzayt,23d9e597-ffbb-351b-8901-6034d8d24c82
tiwne,afbf2829-ce47-3611-a410-9b650f1646b0
koupahog,c2d4bd9b-ab0c-3f82-b358-21f7995b8d11
oiper,81d10ce6-bc37-3813-b5c3-595ca350d82d
zarapor,3636d218-35ea-3b46-8c16-bae845e85d27
poom_p5chanel,478f9185-c5ff-367e-890b-abe9e655c5d2
rcnpuree,7d5327ab-4c80-3fd3-a795-6ac022ff3d32
ni_ch,60665aec-1624-371b-9a55-491049e2dac7
sand9n0,cb03ff6e-eea5-323c-9b14-45b099b72dd8
djinn_banter,9b054aef-256d-3002-9a36-0bc2ef56fd0c
mck_bankking,0364747c-495c-346b-aaef-491623f8bbb3
gghjkl,aa8c2a72-ef92-3a8e-bdb4-8fcff851defa
princexfds,ef9b256a-d49c-39db-93ce-3ddb043b8259
mew_pcn,fd83f560-620b-388d-82a8-627282e662ec
kingjukjui_,e2da7b48-5b79-380f-b6a8-1d4f07a41926
my_name_is_auto,4b978b8a-422e-3068-903f-289a1c565a9f
xminner,cc1939cb-4a66-3c3f-aec2-4187ae9f4e49
zwitnyvilla,7777d000-1d4d-3ae4-bd4d-157b13101d4a
biwkungyoutubeg,74eaaed7-2e05-394b-9c40-eff2d51b9ff3
ruok,93cd0ef9-ac33-314d-ad53-bd545b91ef62
69imoosuntos,22ac6407-8c43-3c8d-8213-a8e348cc9fa4
lazuliez,b41a44c4-7a83-32e2-ac56-295763d79260
fomoneytob,dd4a3f40-eef2-3a9f-bde3-3fb8bf7e84cd
sword,3825955c-720f-3174-b311-83a5db1a05bc
january,9b50c98c-e6f8-38c6-b91d-f95289c8f34e
supreme_lol,947198eb-05e0-31b3-b470-6a0c6f3947a3
happy_jms,149b3266-01b5-3487-8daa-839a04f5d09c
fomoneytop,75e744e6-d4e8-3b6f-a707-d8e29702a85d
fresh_milk_,2049bb13-6a4f-3645-af9f-60b2e5e4fe62
djkingtv,cf7c519f-6825-3e7a-a11c-ad03617848cb
megasoilder,9dd67d2b-65f7-357d-aad7-7f644fb49abe
tidekung,55bf6a8c-dc92-3b91-999d-0f22914b2c8e
exgun4869,16f849ac-206f-3a41-b4a6-b7adc7d0388e
zkorngamerz,0b86a617-f6a6-3812-8cf6-38ea84dd99dc
gus39,6f068516-1bc7-33de-a82c-e722f86ae38f
frel_pun,e1b68f26-d07c-3ac0-b52c-15661ca9e276
leng_,de6cbbce-5431-3b4e-8bf4-87a39d7e3ddd
yoko999,bca34444-697b-37e0-b5e1-26c3327117e0
ppal986,42af4117-8632-343e-b400-2286589ddfa7
istylelz_,1d5407c1-2c36-3bdf-b3d4-5aab57ba72d8
beitoey,24697c63-27e0-32c9-bed6-1c6ad69044e9
ominaamus_yt,6713ba7d-e1b1-395a-8fc5-8e9b90c9ad25
xdeverloperx,53154866-5c55-3625-8616-562084e27d11
sloyer,528ea656-89a9-36e8-92b9-36eb52a94084
chillbroz,1942db10-6ff2-3fc4-9280-4992f975dbaa
hitzcoconut_,452bf90e-00ad-3f01-808b-c91b548ed13d
jefftheunicorn1,4bba7ecb-2e09-3ee9-ba16-d5110b417355
guyisgodxdggez,0f57a78b-a63e-3d32-b2a3-71246289d27a
testmoszao,baac7821-823a-358a-94cd-a3ed9e9c277f
ashij,21d3a80d-e151-35d7-b0a5-52a62a279e4f
kpypong,82ba9c07-2fe9-39e8-a286-472c8572ee1d
999999999,58a53d0f-fc2d-340d-89b2-39b9df3c6396
maziuszor,77058e87-0b8e-32ad-9719-4d2b4bf475b9
proadtv,208448d7-7cae-3347-8266-25ab1b148b8a
avenznote,b08b9c95-4a87-35b8-b247-50b898b19a5c
chaturawit,ba90a58b-7813-3010-8992-c6e5fee4c2c9
doikillerzch,22bff386-25fd-3ccc-ba8e-5740c7f2e50f
fong555xd,abacc32b-dd73-373e-a520-9d0844123993
ffd,c17d31d9-a95c-3434-883b-7e879ce8d3b7
itsfiizy,5b2a2465-b03b-32ec-999b-94ee4446de4c
dong,562e26e9-569c-3aa2-8d20-60d584db985a
pomzazayt,38e83280-47ef-387a-beba-1acd91b276c8
eater,b60d48e3-a6e8-390b-b547-9e4c5771e735
vicha,2ecca17f-c3d9-3767-a3ae-b41ec77fa467
znon504,ec19575f-8cc8-3c6e-8b55-cddedcf4daea
kopzazath,f1d32cdd-6868-37cc-a657-43edcb6293af
kaowzadis,37507f74-83ec-38c6-9788-a7bc56a33c39
himadafakas12,5868ad05-965e-39b1-bbaf-00a21c480fed
monkoykungxd,ff9c1a0c-4c68-3e32-948b-ee26ac90ec6e
md_5,c70f922a-984d-37b1-94a2-58bf198a55e5
_itsmymintc_,b740e08f-91ac-32b6-b1e3-b1baf73bf9d6
_uwiget_,873e125d-bf8f-30fe-8cbb-da146e0f34a4
andre,5023ad10-e7e7-3f5b-aed6-301fda189f89
gapkingx2,f8fd04f9-4637-34f4-9530-278ccc3dab0a
note,6281bc14-44a9-30e0-907f-6b2c6e6431a6
theevilgod,aa5cb622-5347-36c2-821a-e5143c0e37e5
dty_ps1111,6c0db574-6a18-3b99-8453-2670fce0bebf
wachirawit3,61a7b252-690a-3073-9e3f-9dc39cebad52
eee,72b19c18-320e-3ab5-85b9-50b5488959dd
m0236,c6cd3f19-08d5-3f5f-9575-861ddac6d488
nnub1,a76572fd-ee84-3c5c-9bcc-3b121fed1894
toptttt,f873ed05-d05e-3dcd-96ed-968dc99d521f
bluexdshadow128,08f36706-aa6b-3f5c-9b95-95354b055b1a
jarnyox2,1e70a3e7-cb8f-332e-aa11-1591966b7f9b
ohmfr,06fc129d-fcc0-330d-8594-6b48d0c3184c
hu1_th,a8c0af5b-10ff-358d-8620-7881c03e24ad
proliferated,8f6dfa5a-577d-3f18-820e-49aa13683503
ohm_ohm,95030006-45fe-3450-b71d-d0303db57c07
namewin,887d24a5-6c31-316d-9560-3045b701624c
katoon,b38a1112-f809-347a-a308-0a2637f90534
lopeetojaaxao,8595d0c5-bed5-3e99-b7d8-aa67251eb316
car,5c1b42f3-02db-3c9f-9973-b667a85d1a58
its_mah,52d44956-13dc-3185-a1b2-6c2a2fdf52d8
itsgrandzse,582068dc-9db2-3adc-890b-cb9ed3a1ec91
katyusha,c0613e5f-11e5-39be-9cd6-784fd4f2f09f
pwt_channel,2d6c3efa-5783-3fd5-a620-8f8c0248a4c5
mixnack123,f51abd47-0de1-3c22-86e1-e1915329a200
bongchu,ef08034a-2526-333e-886a-46c76cb8978f
jeumili,79ae7289-7198-3c7c-a99b-7442cbbbc924
xxnusoloartvxx,301bde22-1ec0-37a2-a34a-002365ab7b8c
darkuyiop,5c6d3ca7-2ec4-35bb-886a-b9d4f8229149
poohfire,6374b73f-629f-31f1-9211-e04fd5673c95
poom_p5channel,bc75ebbb-7f73-3f27-a75e-8fe14f53a77d
jeumill,af66ae6d-8c74-3afc-bff7-73e2a109ba9b
22aircrafts,ec925176-c87b-32bf-8065-3c02f4d45632
distyle,a5af2bc7-5d55-3040-b669-9cb8e536c34e
nikokungz_,6b7e46c0-a3f5-3248-9c4f-17730fb7a7c1
xxgodxx,59e17d26-4090-3f00-a3dc-623d37991757
anshdriver,bbdbaadd-ab80-335a-bb2c-2cda2775236b
gokuman,f3e19042-495b-3178-9311-6dd1babf0fe1
moneyll,a080105b-5008-3269-8798-bcaafe06ae4d
_12timewecgg_,a39bbf55-82a0-33c5-b0f5-7a96985843ea
mooounza,e1240427-268f-3291-aef9-da0cc878114a
gz1_x,3fc57116-c315-3dfb-bb53-2170fd6dca23
molay13,f7de705d-e05c-3198-8de8-6ac92db6b396
among123,51aa27f1-9579-34f0-b525-656448565e22
notfunstuff,ddb55ea3-839b-3cf9-8dcd-f9ef55d039ef
kaowolf5558,47c3ecba-5ef6-32ac-88db-a7d72f09b7fc
icert,add0c929-bd13-3a37-93b8-8819df9ab0c0
ppapppap,221b4eca-5df7-3190-bd23-5d8c9a378410
xniklasthx,bbbc817e-99a3-3305-b4a7-14fee58b428e
avunne,12d8add2-96e5-3a8e-8aa7-9d2e7f4db791
fgdrgrwg,72a97614-3631-307b-b1b8-012ea5c0d7d2
imt_gooboss,8db2b682-3978-3e0b-8edb-f8943159918b
